{"cameraMode":{"drawMode":0,"name":"Shaded","section":"Shading Mode"},"sceneLighting":true,"audioPlay":false,"sceneViewState":{"m_AlwaysRefresh":false,"showFog":true,"showSkybox":true,"showFlares":true,"showImageEffects":true,"showParticleSystems":true,"showVisualEffectGraphs":true,"m_FxEnabled":true},"in2DMode":false,"pivot":{"x":1.2256081104278565,"y":0.7685045599937439,"z":-1.6745502948760987},"rotation":{"x":0.09026087820529938,"y":0.7683829069137573,"z":-0.11119212210178375,"w":0.6237618923187256},"size":5.263789176940918,"orthographic":false}